Campaign,Campaign Daily Budget,Campaign Type,Networks,Languages,Bid Strategy Type,Location,Ad Group,Keyword,Criterion Type,Headline 1,Headline 2,Headline 3,Headline 4,Headline 5,Headline 6,Headline 7,Headline 8,Headline 9,Headline 10,Headline 11,Headline 12,Headline 13,Headline 14,Headline 15,Description 1,Description 2,Description 3,Description 4,Path 1,Path 2,Final URL
"Heykudu - University B2B South Africa [Search]","164.00","Search","Google search","en","Maximize clicks","South Africa","Health Sciences & Clinical Logbooks","","","HPCSA Audit Shield","Clinical Logbook Software","Eliminate Ghost Attendance","Digital Clinical Logbooks","Medical Student Tracking","Tamper-Proof Bedside Logs","Zero Lost Procedure Cards","Bedside Mini-CEX in 45 Sec","Works 100% Offline in Wards","Free Pilot for 35 Students","No IT Integration Needed","1-Tap Supervisor Sign-Off","Protect Faculty Compliance","Live Deanery Dashboard","Used in Wits Paediatrics","Protect your medical faculty with tamper-proof clinical records. Meets HPCSA rules.","Replace lost paper cards with geofenced hospital check-ins and 1-click audit portfolios.","Eliminate ghost sign-ins across Charlotte Maxeke, Bara, and regional hospital wards.","Deploy a 100% free 6-week departmental pilot for up to 35 students in under 2 minutes.","Medical","Pilot","https://about.heykudu.com/lp/ai?q={KeyWord}&utm_source=google_ads&utm_medium=cpc&utm_campaign=clinical_health_sciences&utm_term={keyword}"
"Heykudu - University B2B South Africa [Search]","164.00","Search","Google search","en","Maximize clicks","South Africa","Health Sciences & Clinical Logbooks","clinical logbook software","Phrase","","","","","","","","","","","","","","","","","","","","https://about.heykudu.com/lp/ai?q={KeyWord}&utm_source=google_ads&utm_medium=cpc&utm_campaign=clinical_health_sciences&utm_term={keyword}"
"Heykudu - University B2B South Africa [Search]","164.00","Search","Google search","en","Maximize clicks","South Africa","Health Sciences & Clinical Logbooks","medical student attendance tracking","Phrase","","","","","","","","","","","","","","","","","","","","https://about.heykudu.com/lp/ai?q={KeyWord}&utm_source=google_ads&utm_medium=cpc&utm_campaign=clinical_health_sciences&utm_term={keyword}"
"Heykudu - University B2B South Africa [Search]","164.00","Search","Google search","en","Maximize clicks","South Africa","Health Sciences & Clinical Logbooks","hpcsa logbook","Phrase","","","","","","","","","","","","","","","","","","","","https://about.heykudu.com/lp/ai?q={KeyWord}&utm_source=google_ads&utm_medium=cpc&utm_campaign=clinical_health_sciences&utm_term={keyword}"
"Heykudu - University B2B South Africa [Search]","164.00","Search","Google search","en","Maximize clicks","South Africa","Health Sciences & Clinical Logbooks","clinical training audit","Phrase","","","","","","","","","","","","","","","","","","","","https://about.heykudu.com/lp/ai?q={KeyWord}&utm_source=google_ads&utm_medium=cpc&utm_campaign=clinical_health_sciences&utm_term={keyword}"
"Heykudu - University B2B South Africa [Search]","164.00","Search","Google search","en","Maximize clicks","South Africa","Health Sciences & Clinical Logbooks","mini cex app","Phrase","","","","","","","","","","","","","","","","","","","","https://about.heykudu.com/lp/ai?q={KeyWord}&utm_source=google_ads&utm_medium=cpc&utm_campaign=clinical_health_sciences&utm_term={keyword}"
"Heykudu - University B2B South Africa [Search]","164.00","Search","Google search","en","Maximize clicks","South Africa","Health Sciences & Clinical Logbooks","bedside procedure logbook","Phrase","","","","","","","","","","","","","","","","","","","","https://about.heykudu.com/lp/ai?q={KeyWord}&utm_source=google_ads&utm_medium=cpc&utm_campaign=clinical_health_sciences&utm_term={keyword}"
"Heykudu - University B2B South Africa [Search]","164.00","Search","Google search","en","Maximize clicks","South Africa","Health Sciences & Clinical Logbooks","nursing clinical attendance","Phrase","","","","","","","","","","","","","","","","","","","","https://about.heykudu.com/lp/ai?q={KeyWord}&utm_source=google_ads&utm_medium=cpc&utm_campaign=clinical_health_sciences&utm_term={keyword}"
"Heykudu - University B2B South Africa [Search]","164.00","Search","Google search","en","Maximize clicks","South Africa","Health Sciences & Clinical Logbooks","occupational therapy logbook","Phrase","","","","","","","","","","","","","","","","","","","","https://about.heykudu.com/lp/ai?q={KeyWord}&utm_source=google_ads&utm_medium=cpc&utm_campaign=clinical_health_sciences&utm_term={keyword}"
"Heykudu - University B2B South Africa [Search]","164.00","Search","Google search","en","Maximize clicks","South Africa","Health Sciences & Clinical Logbooks","medical student logbook","Exact","","","","","","","","","","","","","","","","","","","","https://about.heykudu.com/lp/ai?q={KeyWord}&utm_source=google_ads&utm_medium=cpc&utm_campaign=clinical_health_sciences&utm_term={keyword}"
"Heykudu - University B2B South Africa [Search]","164.00","Search","Google search","en","Maximize clicks","South Africa","Health Sciences & Clinical Logbooks","clinical attendance tracker","Exact","","","","","","","","","","","","","","","","","","","","https://about.heykudu.com/lp/ai?q={KeyWord}&utm_source=google_ads&utm_medium=cpc&utm_campaign=clinical_health_sciences&utm_term={keyword}"
"Heykudu - University B2B South Africa [Search]","164.00","Search","Google search","en","Maximize clicks","South Africa","Health Sciences & Clinical Logbooks","epa tracking software medical","Phrase","","","","","","","","","","","","","","","","","","","","https://about.heykudu.com/lp/ai?q={KeyWord}&utm_source=google_ads&utm_medium=cpc&utm_campaign=clinical_health_sciences&utm_term={keyword}"
"Heykudu - University B2B South Africa [Search]","164.00","Search","Google search","en","Maximize clicks","South Africa","Health Sciences & Clinical Logbooks","medical school logbook app","Phrase","","","","","","","","","","","","","","","","","","","","https://about.heykudu.com/lp/ai?q={KeyWord}&utm_source=google_ads&utm_medium=cpc&utm_campaign=clinical_health_sciences&utm_term={keyword}"
"Heykudu - University B2B South Africa [Search]","164.00","Search","Google search","en","Maximize clicks","South Africa","University Attendance & Anti-Proxy","","","Paperless Attendance App","Stop Proxy Signing Fraud","Anti-Cheat Dynamic QR","Instant Lecture Roll Call","No More Paper Registers","Automatic DP Quota Alerts","Setup Course in 15 Minutes","1-Click Moodle Canvas Sync","Free 6-Week Class Pilot","For 10 to 1,000 Students","Zero Class Time Wasted","Law Commerce Engineering","Spot At-Risk Students Early","Sub-Meter Geofenced Checkin","Eliminate Attendance Fakes","Stop paper clipboards and buddy signing. Switch to instant, tamper-proof QR attendance.","For 400-seat lecture halls and labs. Instant roll call in seconds with zero cheating.","Set mandatory course attendance rules. Automated Red-Amber-Green alerts for at-risk DP.","Deploy a 100% free 6-week pilot for your course. No credit card or IT setup required.","Attendance","FreePilot","https://about.heykudu.com/lp/ai?q={KeyWord}&utm_source=google_ads&utm_medium=cpc&utm_campaign=university_attendance&utm_term={keyword}"
"Heykudu - University B2B South Africa [Search]","164.00","Search","Google search","en","Maximize clicks","South Africa","University Attendance & Anti-Proxy","student attendance software","Phrase","","","","","","","","","","","","","","","","","","","","https://about.heykudu.com/lp/ai?q={KeyWord}&utm_source=google_ads&utm_medium=cpc&utm_campaign=university_attendance&utm_term={keyword}"
"Heykudu - University B2B South Africa [Search]","164.00","Search","Google search","en","Maximize clicks","South Africa","University Attendance & Anti-Proxy","qr code attendance university","Phrase","","","","","","","","","","","","","","","","","","","","https://about.heykudu.com/lp/ai?q={KeyWord}&utm_source=google_ads&utm_medium=cpc&utm_campaign=university_attendance&utm_term={keyword}"
"Heykudu - University B2B South Africa [Search]","164.00","Search","Google search","en","Maximize clicks","South Africa","University Attendance & Anti-Proxy","stop proxy attendance","Phrase","","","","","","","","","","","","","","","","","","","","https://about.heykudu.com/lp/ai?q={KeyWord}&utm_source=google_ads&utm_medium=cpc&utm_campaign=university_attendance&utm_term={keyword}"
"Heykudu - University B2B South Africa [Search]","164.00","Search","Google search","en","Maximize clicks","South Africa","University Attendance & Anti-Proxy","university attendance app","Phrase","","","","","","","","","","","","","","","","","","","","https://about.heykudu.com/lp/ai?q={KeyWord}&utm_source=google_ads&utm_medium=cpc&utm_campaign=university_attendance&utm_term={keyword}"
"Heykudu - University B2B South Africa [Search]","164.00","Search","Google search","en","Maximize clicks","South Africa","University Attendance & Anti-Proxy","anti cheat attendance","Phrase","","","","","","","","","","","","","","","","","","","","https://about.heykudu.com/lp/ai?q={KeyWord}&utm_source=google_ads&utm_medium=cpc&utm_campaign=university_attendance&utm_term={keyword}"
"Heykudu - University B2B South Africa [Search]","164.00","Search","Google search","en","Maximize clicks","South Africa","University Attendance & Anti-Proxy","lecture hall attendance system","Phrase","","","","","","","","","","","","","","","","","","","","https://about.heykudu.com/lp/ai?q={KeyWord}&utm_source=google_ads&utm_medium=cpc&utm_campaign=university_attendance&utm_term={keyword}"
"Heykudu - University B2B South Africa [Search]","164.00","Search","Google search","en","Maximize clicks","South Africa","University Attendance & Anti-Proxy","paperless attendance register","Phrase","","","","","","","","","","","","","","","","","","","","https://about.heykudu.com/lp/ai?q={KeyWord}&utm_source=google_ads&utm_medium=cpc&utm_campaign=university_attendance&utm_term={keyword}"
"Heykudu - University B2B South Africa [Search]","164.00","Search","Google search","en","Maximize clicks","South Africa","University Attendance & Anti-Proxy","dp attendance tracker","Phrase","","","","","","","","","","","","","","","","","","","","https://about.heykudu.com/lp/ai?q={KeyWord}&utm_source=google_ads&utm_medium=cpc&utm_campaign=university_attendance&utm_term={keyword}"
"Heykudu - University B2B South Africa [Search]","164.00","Search","Google search","en","Maximize clicks","South Africa","University Attendance & Anti-Proxy","university attendance software","Exact","","","","","","","","","","","","","","","","","","","","https://about.heykudu.com/lp/ai?q={KeyWord}&utm_source=google_ads&utm_medium=cpc&utm_campaign=university_attendance&utm_term={keyword}"
"Heykudu - University B2B South Africa [Search]","164.00","Search","Google search","en","Maximize clicks","South Africa","University Attendance & Anti-Proxy","student attendance tracking app","Exact","","","","","","","","","","","","","","","","","","","","https://about.heykudu.com/lp/ai?q={KeyWord}&utm_source=google_ads&utm_medium=cpc&utm_campaign=university_attendance&utm_term={keyword}"
"Heykudu - University B2B South Africa [Search]","164.00","Search","Google search","en","Maximize clicks","South Africa","University Attendance & Anti-Proxy","large class attendance qr","Phrase","","","","","","","","","","","","","","","","","","","","https://about.heykudu.com/lp/ai?q={KeyWord}&utm_source=google_ads&utm_medium=cpc&utm_campaign=university_attendance&utm_term={keyword}"
"Heykudu - University B2B South Africa [Search]","164.00","Search","Google search","en","Maximize clicks","South Africa","University Attendance & Anti-Proxy","digital register for university","Phrase","","","","","","","","","","","","","","","","","","","","https://about.heykudu.com/lp/ai?q={KeyWord}&utm_source=google_ads&utm_medium=cpc&utm_campaign=university_attendance&utm_term={keyword}"
"Heykudu - University B2B South Africa [Search]","164.00","Search","Google search","en","Maximize clicks","South Africa","","jobs","Campaign Negative Phrase","","","","","","","","","","","","","","","","","","","",""
"Heykudu - University B2B South Africa [Search]","164.00","Search","Google search","en","Maximize clicks","South Africa","","vacancies","Campaign Negative Phrase","","","","","","","","","","","","","","","","","","","",""
"Heykudu - University B2B South Africa [Search]","164.00","Search","Google search","en","Maximize clicks","South Africa","","careers","Campaign Negative Phrase","","","","","","","","","","","","","","","","","","","",""
"Heykudu - University B2B South Africa [Search]","164.00","Search","Google search","en","Maximize clicks","South Africa","","salary","Campaign Negative Phrase","","","","","","","","","","","","","","","","","","","",""
"Heykudu - University B2B South Africa [Search]","164.00","Search","Google search","en","Maximize clicks","South Africa","","bursary","Campaign Negative Phrase","","","","","","","","","","","","","","","","","","","",""
"Heykudu - University B2B South Africa [Search]","164.00","Search","Google search","en","Maximize clicks","South Africa","","internship","Campaign Negative Phrase","","","","","","","","","","","","","","","","","","","",""
"Heykudu - University B2B South Africa [Search]","164.00","Search","Google search","en","Maximize clicks","South Africa","","login","Campaign Negative Phrase","","","","","","","","","","","","","","","","","","","",""
"Heykudu - University B2B South Africa [Search]","164.00","Search","Google search","en","Maximize clicks","South Africa","","moodle login","Campaign Negative Phrase","","","","","","","","","","","","","","","","","","","",""
"Heykudu - University B2B South Africa [Search]","164.00","Search","Google search","en","Maximize clicks","South Africa","","canvas login","Campaign Negative Phrase","","","","","","","","","","","","","","","","","","","",""
"Heykudu - University B2B South Africa [Search]","164.00","Search","Google search","en","Maximize clicks","South Africa","","blackboard login","Campaign Negative Phrase","","","","","","","","","","","","","","","","","","","",""
"Heykudu - University B2B South Africa [Search]","164.00","Search","Google search","en","Maximize clicks","South Africa","","student portal","Campaign Negative Phrase","","","","","","","","","","","","","","","","","","","",""
"Heykudu - University B2B South Africa [Search]","164.00","Search","Google search","en","Maximize clicks","South Africa","","exam timetable","Campaign Negative Phrase","","","","","","","","","","","","","","","","","","","",""
"Heykudu - University B2B South Africa [Search]","164.00","Search","Google search","en","Maximize clicks","South Africa","","past papers","Campaign Negative Phrase","","","","","","","","","","","","","","","","","","","",""
"Heykudu - University B2B South Africa [Search]","164.00","Search","Google search","en","Maximize clicks","South Africa","","results","Campaign Negative Phrase","","","","","","","","","","","","","","","","","","","",""
"Heykudu - University B2B South Africa [Search]","164.00","Search","Google search","en","Maximize clicks","South Africa","","syllabus","Campaign Negative Phrase","","","","","","","","","","","","","","","","","","","",""
"Heykudu - University B2B South Africa [Search]","164.00","Search","Google search","en","Maximize clicks","South Africa","","fees","Campaign Negative Phrase","","","","","","","","","","","","","","","","","","","",""
"Heykudu - University B2B South Africa [Search]","164.00","Search","Google search","en","Maximize clicks","South Africa","","tuition","Campaign Negative Phrase","","","","","","","","","","","","","","","","","","","",""
"Heykudu - University B2B South Africa [Search]","164.00","Search","Google search","en","Maximize clicks","South Africa","","download free","Campaign Negative Phrase","","","","","","","","","","","","","","","","","","","",""
"Heykudu - University B2B South Africa [Search]","164.00","Search","Google search","en","Maximize clicks","South Africa","","crack","Campaign Negative Phrase","","","","","","","","","","","","","","","","","","","",""
"Heykudu - University B2B South Africa [Search]","164.00","Search","Google search","en","Maximize clicks","South Africa","","pdf free","Campaign Negative Phrase","","","","","","","","","","","","","","","","","","","",""
"Heykudu - University B2B South Africa [Search]","164.00","Search","Google search","en","Maximize clicks","South Africa","","definition","Campaign Negative Phrase","","","","","","","","","","","","","","","","","","","",""
"Heykudu - University B2B South Africa [Search]","164.00","Search","Google search","en","Maximize clicks","South Africa","","wiki","Campaign Negative Phrase","","","","","","","","","","","","","","","","","","","",""
"Heykudu - University B2B South Africa [Search]","164.00","Search","Google search","en","Maximize clicks","South Africa","","meaning","Campaign Negative Phrase","","","","","","","","","","","","","","","","","","","",""
"Heykudu - University B2B South Africa [Search]","164.00","Search","Google search","en","Maximize clicks","South Africa","","youtube","Campaign Negative Phrase","","","","","","","","","","","","","","","","","","","",""